Title,Composer,Arranger,Grade
Bandology,"Osterling, E.",,
Italian Masters Suite,"Gordon, P.",,2.0
Grant Them Rest,Faure,Buehlman,3.0
Courtly Festival,"Gordon, P.",,3.0
Citadel,"Erickson, F.",,
Omega March,"Edmondson, J.",,
Emblem of Victory,"Del Borgo, E.",,
Sunliner,"Osterling, E.",,
"Prelude To Act III of ""Kunihild""","Kistler, C.",Kreines,5.0
Pavane,Faure,Clark,3.0
All the Pretty Horses,"McGinty, A.",,2.0
William Byrd Suite (any 3 mvts.),"Jacob, G.",,5.0
Hammersmith,"Holst, G.",,6.0
West Highland Sojourn,"Sheldon, R.",,3.0
Solas Ane,"Hazo, S.",,4.0
Venetian Masters Suite,"Gordon, P.",,4.0
"Polka and Fugue from ""Schwanda""","Weinberger, J.",Bainum,6.0
Little Schumann Set,"Hartzell, D.",,2.0
British Isles Suite,"Daehn, L.",,3.0
Les Preludes,Liszt,Hindsley,6.0
Parade of the Tall Ships,"Chattaway, J.",,
"""Early One Morning"" March","Mruzek, D.",,
Le Sabre  March,"Osterling, E.",,
The Water is Wide,"Kirby, R.",,4.0
Sinfonia V,"Broege, T.",,6.0
"Overture For Band, Op. 24",Mendelssohn-Bartoldy,Garofalo,6.0
Triton,"Mcginty, A.",,1.0
Greensleeves,Reed,,3.0
Ghost Train,"Whitacre, E.",,5.0
Gavorkna Fanfare,"Stamp, J.",,5.0
Fantasia for Band,Tsuji,,5.0
Fanfare and Fantasy,"Mcginty, A.",,3.0
Tulsa,Gillis,,5.0
Puszta,"Roost, V.",,3.0
Passacaglia for Band,Mcginty,,4.0
River Valley Serenade,Wilson,,1.0
Introit,Tull,,3.0
Chorale Prelude: All Things Bright & Beautiful,"Smith, C.",,1.0
Jericho Rhapsody,"Gould, M.",,5.0
Suite From The Planets,Holst,Custer,2.0
Little Suite for Band,Erickson,,1.0
Tientikos,"Mcginty, A.",,3.0
Sensemaya,Revueltas,,5.0
Czech Masters Suite,Gordon,,2.0
Emerald Point Overture,Mcginty,,1.0
Seacliffe Overture,Curnow,,3.0
Danse Celestial,Sheldon,,3.0
Eagle Point Overture,Mcginty,,1.0
"Finale, Symphony No. 4 in F. Minor","Tchaikovsky, P.",,6.0
Finale from New World Symphony,"Dvorak, A.",,6.0
Spiritual,"Spears, J.",,3.0
Waltz from Sleeping Beauty,"Tchaikovsky, P.",,3.0
After a Gentle Rain,"Innacone, A.",,6.0
Danse Bacchanale,"Saint Saens, C.",,6.0
Renaissance Dances,"Meyers, T.",,3.0
"Slavonic Dances, The","Dvořák, A.",,5.0
Three Irish Folk Songs,Mcginty,,1.0
Eaglerock Overture,"Williams, J.",,2.0
Suite for Bohemia,"Nelhybel, V.",,3.0
Prelude & Fugue in C minor,Bach,Volz,5.0
Flight,"Smith, C.",,6.0
From Every Horizon,"Joio, D.",,4.0
Carnival Overture,"Dvořák, A.",,5.0
Rikudim,"Roost, V.",,3.0
"Overture ""1812""","Tchaikovsky, P.",,6.0
Songs of Abelard,"Joio, D.",,5.0
Courtland County Festival,"Owens, W.",,2.0
Toccata & Fugue in d minor,Bach,Leidzen,5.0
Variations on a Revolutionary Hymn,"Smith, C.",,5.0
St. Florian Chorale,Doss,,2.0
Three Folk Miniatures,Jutras,,3.0
Bridgeview Overture,"Huckeby, E.",,2.0
Overture Jubiloso,Erickson,,3.0
Commemoration Overture,"Del Borgo, E.",,5.0
The Red Pony,Copland,,4.0
Lohengrin - Introduction to Act III,Wagner,Hindsley,5.0
Antares,"Borgo, D.",,1.0
Variations on a Theme by Robert Schumann,Jager,,5.0
Danse Slave,Chabrier,,5.0
Trilogy for Band,"Williams, C.",,4.0
Three English Folk Tunes,Wagner,,2.0
Sonatina for Band,"Giovannini, C.",,4.0
Sea Portrait,Lagassey,,4.0
Concertante,"Joio, D.",,4.0
Visions of Flicht,"Sheldon, R.",,4.0
"Bayside Festival, A","Sheldon, R.",,4.0
Sursum Corda,Elgar,Houseknecht,4.0
Merry Mount Suite,Hanson,Garland,4.0
Intrade for Winds,"Sheldon, R.",,4.0
American Variations,Bilik,,4.0
Symphonic Festival,"Smith, R.",,3.0
Japanese Folk Song Suite Warabe-Uta,"Kaneda, B.",,5.0
Deep River Suite,"Erickson, F.",,3.0
Wondrous Love,"Ployhar, J.",,2.0
Suite No. 2 for Band,"Jager, R.",,6.0
Pittsburgh Overture,"Penderecki, K.",,6.0
Three Russian Cameos,Rhodes,,3.0
Centennial Fanfare,"Nixon, R.",,4.0
"Overture and March ""1776""","Ives, C.",,5.0
The Alamo,"Jager, R.",,5.0
Bucimis,Lipton,,2.0
Tarantella,"Reed, A.",,4.0
"Enchanted Island, The","Reed, A.",,5.0
"Men of Music, The","Gillis, D.",,5.0
Le Cid (Ballet Music),"Massenet, J.",,5.0
Prologue and Dance,"Del Borgo, E.",,6.0
Seventeen Come Sunday,"Grainger, P.",,5.0
Polka (from Façade),"Walton, W.",,5.0
Polka,"Shostakovich, D.",,5.0
Processional,"Nelhybel, V.",,2.0
Colonial Ballads,"Dello Joio, N.",,5.0
Chorale and Prelude: Turn Not Thy Face,"Persichetti, V.",,5.0
"Tribute to Stephen Foster, A","Foster, S.",,5.0
Armenian Dances,"Katchurian, A.",,5.0
Songs from the West,"Holst, G.",,6.0
Symphony for Winds and Percussion (Any Mvt.),"Beversdorf, T.",,6.0
American Holiday,"Werle, F.",,5.0
Skye Boat Song,Mckay,,3.0
Ceremonial Overture,Hermann,,3.0
Symphony for Brass and Percussion (No woodwinds)(Omit 2 Mvts.),"Reed, A.",,6.0
"American Suite, The","Holcombe, W.",,4.0
Overture Militaire,Skornicke,,4.0
"Band in the Square, The","Laplante, P.",,2.0
Kiddie Ballet,"Hermann, R.",,4.0
Chester,"Osterling, E.",,1.0
Five Short Pieces for Wind Ensemble (Any Three),"Beethoven, L.",,4.0
Fantasy of Yankee Doodle,"Williams, M.",,3.0
Sonata (piano required),"Scarlatti, D.",,5.0
Night Vigil,"Mailman, M.",,4.0
"Thousand Hills Overture, A","C.T., S.",,4.0
Dramatic Overture,"Mueller, F.",,4.0
Atlantis,"Safranek, V.",,4.0
Summer in Rio,"Smith, C.",,3.0
Romeo and Juliet,"Tchaikovsky, P.",,6.0
Into the Light,Shaffer,,2.0
Pueblo,Higgins,,1.0
Serengeti Dreams,Smith,,1.0
Overture on an American Folk Tune,"Akey, D.",,3.0
See the Conquering Hero Comes,"Handel, G.",,1.0
Tokyo 2000,"J., O.",,3.0
Alleluias,Spears,,3.0
Convergence,"Clarke, L.",,3.0
Marche Militaire,"Saint-Saens, C.",,2.0
Danza Sonora,"C.T., S.",,4.0
Heatherwood Portrait,"Barnes, J.",,2.0
Prelude and Fugue,"Bach, J.",,2.0
Rondo for Winds & Percussion,Edmondson,,2.0
Basque Rhapsody,"Shelton, M.",,5.0
Inscriptions for Band,"C.T., S.",,4.0
Mosaic,"Mcbeth, W.",,5.0
Nilesdance,Holsinger,,4.0
Prelude & March,Margolis,,1.0
Introduction and Fugato,"C.T., S.",,4.0
Sonus Ventorum,"Smith, C.",,3.0
Fanfare March and Celebration,"Cacavas, J.",,4.0
Burlesque,Salnikov,,6.0
Sunride (from Western Suite),"Chattaway, J.",,1.0
Dramatic Essay,"Del Borgo, E.",,4.0
Chorale and Toccata,Jager,,4.0
Blanco Canyon Sketches,"Suddeth, J.",,4.0
Reflections,Daniels,,5.0
Triumphal March from Aida,"Verdi, G.",,3.0
Phoenix Overture,"Curnow, J.",,3.0
Prelude and Capriccio,"Reed, A.",,5.0
Hymn and Alleluia,Curnow,,2.0
Coriolan Overture,"Beethoven, L.",,5.0
March With Trumpets,"Bergsma, W.",,5.0
"Northern Legend, The","Reed, A.",,5.0
Dies Irae,"Borgo, D.",,3.0
Prelude in Dorian Mode,Decabezon,,5.0
"Almighty Fortress, An",Shaffer,,2.0
New River Suite,Spears,,4.0
Jargon,"Tull, F.",,5.0
Viva Mexico! (Omit 3rd Mvt.),"Morrissey, J.",,5.0
Blue Ridge Rhapsody,"Swearingen, J.",,3.0
Panorama for Band,"Mitchell, R.",,4.0
Concert Dance and Intermezzo,"Smith, C.",,4.0
Caccia,Mcbeth,,4.0
Passacaglia in G Minor,Handel,Phillips,2.0
Lyric Essay,"Coakley, D.",,3.0
Anasazi,"John, E.",,1.0
Antietam,Whear,,4.0
Prairie Dance,"Holsinger, D.",,4.0
Festivity!,"Miller, R.",,2.0
Chant Rituals,"Borgo, D.",,1.0
Arabesque,"Shaffer, D.",,3.0
Evening Prayer,"Shaffer, D.",,2.0
Signature,"Roost, V.",,4.0
Prelude and Primal Danse,Huckeby,,3.0
Jubilant Prelude,"C.T., S.",,4.0
Serenade and Dances,"Suddeth, J.",,4.0
Caprice,"Hines, W.",,2.0
Pie Jesu,Faure,,3.0
American Folk Suite,Walters,,3.0
Symphonic Essay,"Borgo, D.",,4.0
Concerto for Band,Soler,Gordon,3.0
Rhapsody for Band,"Del Borgo, E.",,4.0
Overture in Italian Style,"Schubert, F.",,4.0
Marco Polo,Scarmolin,,4.0
La Folia (Variations),"Corelli, A.",,4.0
Juxtaposition,"Barker, W.",,4.0
Past the Equinox,"Stamp, J.",,4.0
Prelude to Comedy,"Jacob, G.",,4.0
Fox River Festival,"Curnow, J.",,4.0
Overture to Freedom,"Gingery, R.",,1.0
Heroic Saga,"Jager, R.",,5.0
Fete,"Hermann, R.",,4.0
Medieval Fresco,"Morrissey, J.",,3.0
Intrada for Band,Washburn,,4.0
Expositions,"Leckrone, M.",,4.0
Symphonic Allegory,"Forsblad, L.",,4.0
Song for Lindsay,"Boysen, J.",,4.0
Channel Island Overture,Feldstein,,1.0
Change of Pace,"O'Reilly, J.",,1.0
Westminster Bridge,"Del Borgo, E.",,4.0
Two Russian Songs,"Gates, G.",,4.0
Chorale and Invention,Feldstein,O'Reilly,1.0
Panorama Festival Overture,"Williams, M.",,3.0
Nordic Overture,"Osterling, E.",,3.0
Renaissance Triptych,"Kirck, G.",,3.0
"Good Daughter Overture, The","Piccini, N.",,3.0
Debonnaire,"Leidzen, E.",,4.0
Beau Galant,"Telemann, G.",,1.0
La Procession Du Roccio,Turina,Reed,5.0
As If Morning Might Arrive,"Stamp, J.",,3.0
Passacaglia and Fugue,Latham,,4.0
Historie Du Solat,"Stravinski, I.",,6.0
Oxford Scherzo,Kelly,,6.0
"Overture Miniature and March from ""Nutcracker Suite""","Tchaikovsky, P.",,6.0
"Jota from The Ballet ""Suite Espagnole""","Surinach, C.",,6.0
"Set of Spirituals, A","Kinyon, J.",,1.0
Images and Phases from a New World,"Spears, J.",,6.0
Il Guarany,"Gomex, A.",,6.0
"Pyramids, The",Tatgenhorst,,2.0
And the Mountains Raising Nowhere,"Schwanter, J.",,6.0
Symphony #2-Finale,Ives,Elkus,5.0
"Classical Overture, A",Grundman,,2.0
Interlochen Variations,Jones,,3.0
Agean Festival Overture,"Makris, A.",,6.0
First Fugue,"Taylor, J.",,2.0
Breckinridge Overture,"Clark, A.",,2.0
El Nino,"Curnow, J.",,1.0
Little Train of the Brazillian Countrymen,"Villa-Lobos, H.",,6.0
Baroque Motet,"Hastings, R.",,1.0
Dana Point Overture,"O'Reilly, J.",,1.0
Hill Portrait,"Balent, A.",,1.0
Sarabanda and Gavotta,Corelli,,2.0
Le Corsair Overture,"Berlioz, H.",,6.0
Prelude and Dance,"Borgo, D.",,1.0
Marzoni Requiem Excerpts,"Verdi, G.",,6.0
Thunder Mountain (Overture),Spears,,1.0
"Nutcracker Suite-Part 2 (Play only No. 3) ""Dance Arabe"", No. 5 ""Trepak"")","Tchaikovsky, P.",,6.0
Scenario,"Spears, J.",,3.0
"Corsair, The (Overture)","Berlioz, H.",,6.0
Coronation from Boris Bodounov,"Moussorgsky, M.",,6.0
Concertion for Band,"Velke, F.",,6.0
Unfinished Symphony (1st Mvt.),"Schubert, F.",,5.0
Daedalic Symphony,"Weiner, L.",,5.0
Celebration XXV,"Whear, P.",,5.0
Dances Sacred and Profane,Hill,,5.0
Fanfare Prelude: O How Shall I Receive Thee,"Hanson, J.",,5.0
Dramatic Episode,"Spears, J.",,5.0
Rhapsody for Winds and Percussion,"Mitchell, R.",,5.0
Four English Dances,Arnold,Johnstone,5.0
Overture Capriccioso,"Erickson, F.",,5.0
Festive Ode,"Mitchell, R.",,5.0
Silver Sceptor,"Kinyon, J.",,1.0
Siegfried's Funeral Music from Die Gotterdammerung,"Wagner, R.",,5.0
Alarums,"Mailman, M.",,5.0
Antiphony for Winds,"Ward, R.",,5.0
Chorale for Band,"Washburn, R.",,2.0
Corinthian Overture,"Del Borgo, E.",,2.0
Uncle Walt's Waltz,"Gillis, D.",,5.0
Euryanthe,Weber,Safranek,6.0
Vantage Overture,Conley,,1.0
Third Movement from Symphony No. 2 (Romantic),"Hanson, H.",,5.0
Feste Romaine,Respighi,Schaefer,6.0
A Symphonic Portrait For Concert Band,Rodgers,,4.0
Chant and Jubilee,"Borgo, D.",,2.0
Statements,"Del Borgo, E.",,5.0
Symphony No. 1,"Buckvich, D.",,5.0
"Symphony ""X"" (Big ""D"") (Any 2 Mvts.)","Gillis, D.",,5.0
The Feast of Trumpets,"Mcbeth, W.",,5.0
Conflict,"Clark, L.",,1.0
Second Symphony-Intrada (1st Mvt.),"Erickson, F.",,5.0
Scherzo a La Russe,"Stravinsky, I.",,5.0
Stonehenge Overture,Curnow,,2.0
Porgy and Bess Selection,"Gershwin, G.",,5.0
Popular Song (from Façade),"Walton, W.",,5.0
"Mask of the Night, The","Benson, W.",,5.0
Lewisburg,"Mitchell, R.",,3.0
"Silver Anchor, The","Osbourne, C.",,5.0
Music For A Ceremony,"Morrissey, J.",,3.0
Canada,"Whear, P.",,4.0
Canto Di Sera,"Del Borgo, E.",,4.0
Preamble,"Jager, R.",,4.0
"Hunt With Belle Meade, The","Smith, R.",,2.0
Cameo Suite,"Root, T.",,4.0
Fanfare Variations,Barker,,3.0
O Mensch Bewein Dein Sunde Grosse,Bach,,4.0
Royal Procession,"Borgo, D.",,1.0
Glory and Triumph,Berlioz,,3.0
Festive Winds,"Erickson, F.",,3.0
To the Unknowns,"Mcbeth, W.",,3.0
Civil War Suite,"Walters, H.",,3.0
Occident and Orient,"Saint-Saens, C.",,5.0
A Solemn Processional,"Nixon, R.",,5.0
Adagio and Allegro,"Nelhybel, V.",,5.0
Excerpts from Sebastian Ballet,"Menotti, G.",,4.0
Sinfonia #4,"Broege, T.",,2.0
Edinburgh Castle,"Kinyon, J.",,1.0
Dragons of Komodo,"Kinyon, J.",,1.0
American Triptych,"Curnow, J.",,4.0
Ballet for Young Americans,"Hermann, R.",,4.0
American Scenario,Giovannini,,4.0
"Falcon's Flight, A",Miller,,3.0
Azrael,Lotti,Reed,3.0
Romance for Band,"Zdechlik, J.",,4.0
Song of Wales,"Davis, A.",,3.0
Chorale and Processional,Mitchell,,1.0
Prelude,Beghon,"Roberts, C.",3.0
Japanese Fantasy,"Erickson, F.",,1.0
Die Natalis,"Hanson, H.",,5.0
Grouse Mountain Lullabye,Chatman,,2.0
Chapultapec (Play All Three Movements),Chavez,,5.0
"Force of Credulity, The-For Wind Ensemble (Play 1st, 3rd and 5th Mvts.)","Adler, S.",,5.0
Across the Delaware Water Gap,"Taylor, L.",,2.0
Spectrum (with Pre-recorded Track),"Bielawa, H.",,6.0
Cayuga Lake Overture,Sweeney,,1.0
"French Canadian Suite, A",Maclaughlan,,2.0
Suite for Concert Band (Piano Required),Kechley,,6.0
Crystal March,"Lowden, B.",,2.0
"Renaissance Faire, A","Custer, C.",,2.0
Cedar Crest Overture,"Borgo, D.",,2.0
Coronation March,"Tchaikovsky, P.",,5.0
Fanfare,"Chattaway, J.",,1.0
Psalm,"Hines, W.",,2.0
Allegro Molto from Wind Serenade No. 10,"Mozart, W.",,5.0
Intrada and Dance,"Borgo, D.",,2.0
Ballet for Band,"Gillis, D.",,5.0
Canzona,"Del Borgo, E.",,5.0
Banja Luka,"Dehaan, J.",,5.0
American Symphonette No. 2 (1st Mvt.),"Gould, M.",,5.0
Arlington Overture,"Hermann, R.",,3.0
Tristan and Isolde - Prelude and Love - Death,Wagner,Godfrey,6.0
First Suite for Military Band in Eb Major,"Holst, G.",,5.0
"Danza Lucumi from ""Danzas Afro-Cubanas""","Lecuona, E.",,5.0
Overture on a Short Theme,Grundman,,2.0
Modal Overture,O'Reilly,,1.0
Crystal Street Ragtime March,"Taylor, L.",,2.0
Tryptich,"Del Borgo, E.",,4.0
Suite from the Ballet Petroushka,"Stravinski, I.",,6.0
Suite from Bachinanas Brasileras No. 4,"Villa-Lobos, H.",,6.0
"Symphony No. 3 in C, Finale Op. 78 (Organ Sym.)","Saint Saens, C.",,6.0
Second Symphony (1st Mvt.),"Borodin, A.",,6.0
Postcard Man,"Ticheli, F.",,6.0
Serenade in D Minor Op. 44,"Dvorak, A.",,6.0
"Polovetsian Dances from ""Prince Igor""","Borodin, A.",,6.0
Gates of Orion,"Sweeney, M.",,1.0
Tates Creek Overture,"Curnow, J.",,4.0
Harrowgate Festival,Edmondson,,1.0
Slavonic Rhapsodie I,"Friedemann, C.",,6.0
Symphonic Dance Music for Band from West Side Story,"Bernstein, L.",,6.0
Prelude on a German Folk Tune,"Barnes, J.",,6.0
"Symphony for Band, Op. 69 (Mvt. 4 and any other mvt.)","Persichetti, V.",,6.0
Overture for Tomorrow,"O'Reilly, J.",,1.0
Westlake Overture,O'Reilly,,1.0
"American Folksong Settings, No. 2, ""Skip to My Lou""","Kreines, J.",,2.0
Silver Jubilee Overture,Edmondson,,2.0
Wabash County Saga,"Spears, J.",,3.0
Russian Christma Music,"Reed, A.",,6.0
Sakuntula,Goldmark,,6.0
Cordasco,"Kerkorian, G.",,2.0
Ahrirang,Garofale,,2.0
Amazing Grace,"Holcombe, B.",,2.0
Roaring Mountain Overture,Spears,,2.0
Rodeo (from Western Suite),"Chattaway, J.",,1.0
Death and Transfiguration,"Strauss, R.",,5.0
Pines of the Appalachian Way,"Taylor, L.",,1.0
Good Friday Music and Dusk of the Gods (Play Both),"Wagner, R.",,6.0
Fiesta Del Pasifico,"Nixon, R.",,6.0
Force of Destiny Overture,"Verdi, G.",,6.0
Russian Chant and Dance,"Nelhybel, V.",,3.0
Royal Escapade,"Stout, J.",,3.0
Theme from HMS Pinafore,"Sullivan, A.",,1.0
Briarwood Overture,Edmondson,,1.0
Compendium,Forsblad,Livingston,3.0
"Traveleyan Suite (for 11 instruments: 3fl., 2Bb Cl., 2Bssn., 2 Horns (rental only)","Arnold, M.",,5.0
Traversinfonie,"Wagner, R.",,5.0
Overture for a New Decade,O'Reilly,,1.0
Two Gaelic Folk Songs,Tyra,,2.0
The Maekstrom,"Smith, R.",,3.0
English Folk Song Suite,"Del Borgo, E.",,2.0
Elizabethan Suite,"Byrd, W.",,2.0
Skyscapes,"Moore, D.",,4.0
"Captain and the King, The","Anderson, L.",,3.0
Esaltations,"Mailman, M.",,5.0
Farnham Festival Overture,"Bennett, R.",,5.0
Fervent Is My Longing and Fugue in G Minor (Play both),"Bach, J.",,5.0
"Festival, Fanfare and March","Nixon, R.",,5.0
In the Quiet Evening,"Young, C.",,2.0
"Festival Overture, A","Reed, A.",,5.0
Three Cameos,"Spears, J.",,3.0
Symphony No. 5 (Omit 2nd and 3rd Mvt.),"Gillis, D.",,6.0
Fledermaus Suite,"Strauss, J.",,6.0
Dyonysiaques,"Schmitt, F.",,6.0
Divertiment for Band (Omit 2nd Mvt.),"Persichetti, V.",,6.0
Caprice Italienne,"Tchaikovsky, P.",,6.0
Terpsichiore Suite,"Praetorius, M.",,3.0
Spirit of the Wind,"Miller, R.",,3.0
Concert Variations,"C.T., S.",,4.0
Soldiers Procession and March,"Margolis, R.",,2.0
Fantasy on American Sailings Songs,"Grundman, C.",,4.0
Fanfare on a Theme by Sousa,"Boysen, J.",,4.0
"Autumn from ""Four Seasons""","Vivaldi, A.",,4.0
Fantasy On An American Hymn,"Presser, W.",,4.0
Caprice and Prelude,"Velke, F.",,4.0
Breakstone,"Follas, R.",,4.0
Sleep Village,"Nestico, S.",,2.0
Majesta,"Swearingen, J.",,3.0
Marches De Noces,"Glazounov, A.",,3.0
Sunset Sketches,Feldstein,O'Reilly,1.0
Empiria,"Forsblad, L.",,4.0
Elegy,"Berry, T.",,4.0
"Variations on Mein Junges Leben Hat Ein End"" (Requires alto flute, sop. Sax, Harp)","Sweelinck, J.",,5.0
German Masters Suite,"Haydn, E.",,4.0
Concerto for Percussion and Wind Ensemble,"Husa, K.",,6.0
Brandon's Rainbow,"Boysen, J.",,3.0
"Fallen, Fallen Is Babylon",Spears,,3.0
Celebration of Spirituals,"Barker, W.",,3.0
Chorale and Fugue in Eb,"Bach, J.",,3.0
The Matador,"Nowak, J.",,1.0
For the New Day Has Risen,"Barton, S.",,3.0
"Little Czar, The","Kerkorian, G.",,1.0
Zephyrs,"Duffy, T.",,3.0
Mother McRee,"Zdechlik, J.",,3.0
Snowflakes,"Taylor, L.",,1.0
Time Changes,"Balent, A.",,1.0
Slovanic Dances,"Dvořák, A.",Balent,1.0
Songs of the Highland,"Kinyon, J.",,1.0
Night Dances for Wind Ensemble,"Yuko, B.",,3.0
Invocation Ad Jubiloso,"Smith, C.",,3.0
Westbridge Overture,"Barnes, J.",,3.0
Sinfonia #4,Hartley,,5.0
Overture On a Minstrel's Tune,"Laplante, P.",,3.0
Shaker Settings,Traditional,,1.0
Royal March of the Lion,Unknown,,1.0
Oyance,"Pearson, B.",,3.0
"Heathery Mountain, The","Osborne, C.",,1.0
Ten Masters in Two Minutes,Unknown,,1.0
Voices from Kaluga,"Applebaum, L.",,2.0
"Music from ""The Royal Fireworks""","Handel, G.",,3.0
"Brief Encounter, A","Raffy Rhoads, W.",,3.0
Anthemas for Winds and Percussion,"Smith, C.",,3.0
Ere the World Might Begin to Be…,"Stamp, J.",,3.0
Rondo Marzale,"O'Reilly, J.",,1.0
Winwood Oveture,"Spears, J.",,1.0
Suite Francaise,Milhaud,,3.0
Meditation No. 2 (On a Sequence by Beethoven),"Bernstein, L.",,5.0
Cantica Sacra,"Del Borgo, E.",,4.0
Hunting Tower,"Respighi, O.",,5.0
Estampie,"Nelhybel, V.",,4.0
Jodelling Song (from Façade),"Walton, W.",,5.0
"Summount, Overture","Washburn, R.",,5.0
Symphonic Variations on a Theme by Purcell,"Madden, E.",,5.0
Lord of the Rings (Mvts. 1 and 2),"Demeij, J.",,5.0
"Siege of Corinth, The","Rossini, G.",,5.0
Overture On A Norse Theme,Ployhar,,2.0
Dance Variations,"Zdechlik, J.",,5.0
Overture to Masaniello,"Auber, D.",,5.0
Overture to Colas Brelignon,"Kabalevsky, D.",,5.0
Lexington Overture,"Whear, P.",,5.0
Symphony for Band,"Jadin, L.",,4.0
Serengeti,"Higgings, J.",,2.0
"Music for Prague (Nos. 1, 2, 4-any 2)","Husa, K.",,6.0
Starlight Overture,"Mitchell, R.",,4.0
Spiritual from Symphony 5,"Gillis, D.",,4.0
Old Sir Faulk (from Façade),"Walton, W.",,5.0
Geschwindmarch by Beethoven (Paraphrase) Symphonia Serena (Wind Ens.),"Hindemith, P.",,5.0
"Kalandar Prince, The (Scheherazade)","Rimsky-Korsakov, N.",,5.0
Morescai-A Symphonic Pantomime,"Smith, C.",,5.0
Beowolf,Mcbeth,,5.0
Mysterious Mountain from Symphony No. 2,"Hovhaness, A.",,5.0
Denali,"Williams, M.",,1.0
Rhapsody on a Korean Folksong,"Curnow, J.",,2.0
Festive Piece,Grundman,,3.0
Mariners of Fortune,"Hannickel, M.",,2.0
Echo Song,"Hastings, R.",,1.0
Blazon,"Curnow, J.",,2.0
Beyond the Wind,Williams,,2.0
Bach for Band,Bach,Brubaker,2.0
Garlandstone-A Nautical Fantasy,Root,,2.0
Silver Sword,"Nowak, J.",,2.0
Day of the Shofar,Spears,,4.0
No Share So Rare,"Handel, G.",,2.0
Jubioso,"Bulla, S.",,2.0
Korean Folksong Rhapsody,"Curnow, J.",,2.0
Korean Folk Song,"Gingery, R.",,2.0
Intrada and Episode,"Foster, B.",,2.0
Coronado,Meyer,,2.0
"Polka Francaise from ""Die Fledermaus""","Strauss, J.",,4.0
Rhapsody on Russian Folks Songs,"Bilik, J.",,4.0
"Prelude to Act One ""La Traviata""","Verdi, G.",,4.0
Pilgrim's Progress,"Duffy, T.",,4.0
Modest Pictures at an Exhibition,"Mussorgsky, M.",,4.0
Rendezvous to the Other Side,"Saucedo, R.",,4.0
Pastorale and Contrapunctus,"Del Borgo, E.",,4.0
"Prologue and March for Band from ""Ballet Music""",Hartley,,4.0
Rondo from Abdelazer,"Purcell, H.",,4.0
Prelude for Band,"C.T., S.",,4.0
March for a Pageant,"Mitchell, R.",,4.0
Kinmont Overture,"Ployhar, J.",,3.0
Little Czech Rhapsody,"Balent, A.",,1.0
"Love Scene from ""Boris Goudonov""","Moussorgsky, M.",,4.0
When We Are in Deepest Need (Chorale-Prelude),"Bach, J.",,4.0
Jamboree (from Western Suite),"Chattaway, J.",,1.0
Jazz In a Mellow Mood,"Kinyon, J.",,1.0
The Pillars of Phrygia,"Kopetz, B.",,2.0
Trojan March,"Berlioz, H.",,4.0
Three Children Hymns,Holloman,,4.0
Majestic Mountains,"Taylor, L.",,1.0
"Songs of Earth, Water, Fire","Smith, R.",,4.0
Concorde,"Grundman, C.",,4.0
"Slovanic Dances #8 Opus 46, No, 8","Dvorak, A.",,4.0
Prelude and Fugue im G Minor,"Bach, J.",,4.0
Second Symphony-Intermezzo (2nd Movement),"Erickson, F.",,4.0
"Land of the Czars, The","Bilik, J.",,4.0
"Vragoons of Villars, The","Maillart, L.",,4.0
Suite from Cantata 212 Peasant Cantata,"Bach, J.",,2.0
"Pleasant Years, The","Gillis, D.",,4.0
Suite Brittannia,Barrett,,2.0
Jederman Overture,"Whear, P.",,4.0
Contrasts on a Theme by Corelli,"Hull, G.",,4.0
"Screamer, The","F., J.",,4.0
